OriginASN,OriginASName,#Prefixes,%country
23917-Tuvalu Telecom,11,73.3333333333
198605-AVAST Software s.r.o.,2,13.3333333333
53889-Micfo LLC.,1,6.66666666667
34800-unknown,1,6.66666666667
